<?xml version="1.0" encoding="UTF-8"?>
<!DOCTYPE suite SYSTEM "http://testng.org/testng-1.0.dtd">
<suite name="Suite">  
  <test name="Same" allow-return-values="true">
<parameter name="browserType" value="ie" />
<parameter name="appURL" value="http://203.77.177.245/BSLI/apps/services/www/eapp/desktopbrowser/default/index.html"/> 
<parameter name="TestCase_Name" value="TC_01" />
    <classes>
      <class name="com.eapp.Scenarios.Same"/>
 
    </classes>
  </test> <!-- Test -->
  
    <test name="Same_NRI" allow-return-values="true">
<parameter name="browserType" value="ie" />
<parameter name="appURL" value="http://203.77.177.245/BSLI/apps/services/www/eapp/desktopbrowser/default/index.html"/> 
<parameter name="TestCase_Name" value="TC_01" />
    <classes>
   
      <class name="com.eapp.Scenarios.Same_NRI"/>

    </classes>
  </test> <!-- Test -->  
  
  <test name="Same_ULIP" allow-return-values="true">
<parameter name="browserType" value="ie" />
<parameter name="appURL" value="http://203.77.177.245/BSLI/apps/services/www/eapp/desktopbrowser/default/index.html"/> 
<parameter name="TestCase_Name" value="TC_01" />
    <classes>
 
      <class name="com.eapp.Scenarios.Same_ULIP"/>
    </classes>
  </test> <!-- Test -->
</suite> <!-- Suite -->
